Time, Distance, SPM, Pace, Force Plot
3.45,7.5,0,237.88381720464187,23,44,44,52,52,57,57,57,60,60,64,64,65,65,65,65,65,65,64,64,63,63,63,63,61,61,60,60,59,59,57,56,56,55,55,54,54,53,53,54,53,53,53,53,53,53,54,54,54,53,53,50,47,47,45,42,42,39,39,36,33,33,30,30,27,24,24,22,21,21,20,19,19,17,17,12,6,6,3
6.88,16.6,18,207.81065558687584,41,41,46,46,48,48,50,53,53,55,55,56,56,56,55,55,54,54,54,54,54,53,53,54,54,54,53,53,54,53,53,53,53,53,53,52,52,53,51,51,49,48,48,44,40,40,37,32,32,28,25,25,22,19,19,18,17,17,16,15,15,13,12,12
10.11,25.7,19,185.31124974025965,14,14,27,27,41,49,49,54,54,56,56,58,61,61,63,63,62,64,64,64,65,65,65,65,66,65,65,65,63,63,60,62,62,61,60,60,61,59,59,55,53,50,50,47,44,44,40,35,35,32,27,23,23,21,17,17,15,13,11,11
13.48,35.5,19,175.27429511974253,16,16,28,28,38,44,44,47,47,50,54,54,58,58,60,62,62,63,63,63,65,65,64,63,63,63,61,61,61,62,62,61,61,61,61,59,59,57,55,52,52,49,46,46,43,39,36,36,32,29,29,25,23,20,20,17,15,15,13
16.79,45.4,18,170.19099024696615,17,17,28,28,38,42,42,46,46,49,51,51,55,55,57,58,58,59,58,58,58,58,58,57,56,56,57,57,55,53,54,54,51,50,50,52,50,50,50,49,49,48,45,45,44,42,40,40,37,33,33,28,25,21,21,19,17,17,16,16,15,15,13
20.18,55.4,18,168.62232044163684,12,12,25,25,39,47,47,52,52,56,60,60,61,61,61,62,62,63,63,63,63,63,62,59,59,60,59,59,57,57,57,54,54,55,55,54,54,54,56,55,55,53,51,51,49,46,43,43,38,34,30,30,27,22,22,20,16,15,15,14
23.61,65.6,18,169.3993928024756,12,12,23,37,37,46,46,51,51,54,59,59,61,63,63,64,64,65,63,63,65,62,62,62,62,62,61,59,59,59,56,56,56,57,57,56,54,52,52,50,48,48,47,45,45,42,40,37,37,34,30,27,27,23,22,22,20,19,18,18,17,15,15,13
30.44,83.5,17,167.10993116548616,
